customer_id,first_name,last_name,email,phone_number,city,age_group
1,Khánh,Võ,CUST1@gmail.com,0904332181,Hà Nội,18-25
2,Trang,Vũ,CUST2@gmail.com,0338908386,Thành phố Hồ Chí Minh,18-25
3,Thu,Trần,CUST3@gmail.com,0365423511,Hà Nội,36-45
4,Hà,Ngô,CUST4@gmail.com,0540781618,Đà Nẵng,36-45
5,Thu,Huỳnh,CUST5@gmail.com,0531034131,Hà Nội,36-45
6,Sơn,Phạm,CUST6@gmail.com,0355341928,Hà Nội,46-55
7,Yến,Trần,CUST7@gmail.com,0783503056,Hà Nội,56-65
8,Sơn,Phan,CUST8@gmail.com,0737672423,Thành phố Hồ Chí Minh,65+
9,Ngọc,Đỗ,CUST9@gmail.com,0569653287,Hà Nội,18-25
10,Đức,Huỳnh,CUST10@gmail.com,0326916697,Vinh,18-25
11,Lan,Đặng,CUST11@gmail.com,0984514627,Đà Lạt,36-45
12,Hiền,Đỗ,CUST12@gmail.com,0528148932,Hà Nội,56-65
13,Mai,Phạm,CUST13@gmail.com,0995701543,Đà Lạt,18-25
14,Yến,Phan,CUST14@gmail.com,0971822782,Đà Lạt,46-55
15,Hương,Phạm,CUST15@gmail.com,0383465787,Hà Nội,36-45
16,Trang,Trần,CUST16@gmail.com,0998393010,Hạ Long,36-45
17,Khánh,Vũ,CUST17@gmail.com,0983473829,Hà Nội,46-55
18,Tùng,Đặng,CUST18@gmail.com,0831165667,Hà Nội,65+
19,Kiều,Lê,CUST19@gmail.com,0906513338,Hà Nội,36-45
20,Ngọc,Dương,CUST20@gmail.com,0831781080,Huế,26-35
21,Lan,Võ,CUST21@gmail.com,0367736026,Hà Nội,46-55
22,Khánh,Đặng,CUST22@gmail.com,0768723430,Thành phố Hồ Chí Minh,65+
23,Đức,Trần,CUST23@gmail.com,0700978820,Đà Lạt,18-25
24,Mai,Trương,CUST24@gmail.com,0513619399,Hà Nội,65+
25,Thu,Lê,CUST25@gmail.com,0598543534,Hải Phòng,36-45
26,Hoàng,Phạm,CUST26@gmail.com,0851079911,Thành phố Hồ Chí Minh,26-35
27,Long,Đỗ,CUST27@gmail.com,0713542784,Hải Phòng,18-25
28,Yến,Huỳnh,CUST28@gmail.com,0541241182,Đà Nẵng,65+
29,Trung,Huỳnh,CUST29@gmail.com,0734874016,Hà Nội,36-45
30,Ngọc,Dương,CUST30@gmail.com,0342786801,Hải Phòng,26-35
31,Hà,Hoàng,CUST31@gmail.com,0505982620,Đà Lạt,18-25
32,Duy,Dương,CUST32@gmail.com,0733158692,Hà Nội,26-35
33,Tài,Đặng,CUST33@gmail.com,0360256342,Hà Nội,18-25
34,Nam,Phạm,CUST34@gmail.com,0833754330,Hà Nội,36-45
35,Vinh,Huỳnh,CUST35@gmail.com,0945868501,Hà Nội,36-45
36,Hương,Võ,CUST36@gmail.com,0919655698,Đà Lạt,26-35
37,Ngọc,Bùi,CUST37@gmail.com,0706088356,Hạ Long,56-65
38,Hoàng,Lê,CUST38@gmail.com,0714846564,Hà Nội,65+
39,Hà,Phạm,CUST39@gmail.com,0829946804,Hà Nội,56-65
40,Nam,Trần,CUST40@gmail.com,0557773872,Hà Nội,65+
41,Mai,Phạm,CUST41@gmail.com,0551343320,Vinh,56-65
42,Thảo,Bùi,CUST42@gmail.com,0976936763,Hải Phòng,18-25
43,Kiều,Lê,CUST43@gmail.com,0832870831,Nha Trang,65+
44,Kiều,Dương,CUST44@gmail.com,0589579868,Hà Nội,46-55
45,Ngọc,Đặng,CUST45@gmail.com,0843487347,Hà Nội,36-45
46,Quang,Phạm,CUST46@gmail.com,0758122362,Hà Nội,46-55
47,Quang,Nguyễn,CUST47@gmail.com,0787603669,Đà Lạt,56-65
48,Tài,Trương,CUST48@gmail.com,0870546688,Đà Lạt,46-55
49,Trung,Vũ,CUST49@gmail.com,0346706562,Hạ Long,56-65
50,Tùng,Vũ,CUST50@gmail.com,0506990162,Hà Nội,36-45
51,Yến,Ngô,CUST51@gmail.com,0853755646,Hà Nội,18-25
52,Trung,Nguyễn,CUST52@gmail.com,0505310033,Đà Nẵng,26-35
53,Long,Trương,CUST53@gmail.com,0371937452,Vinh,65+
54,Thu,Đặng,CUST54@gmail.com,0924190496,Hà Nội,56-65
55,Diệu,Bùi,CUST55@gmail.com,0314919058,Hà Nội,56-65
56,Diệu,Lê,CUST56@gmail.com,0706716572,Cần Thơ,65+
57,Tùng,Phạm,CUST57@gmail.com,0798776945,Nha Trang,18-25
58,Bảo,Ngô,CUST58@gmail.com,0773799650,Hà Nội,46-55
59,Đức,Phạm,CUST59@gmail.com,0354549480,Hà Nội,65+
60,Hà,Phạm,CUST60@gmail.com,0878377701,Hà Nội,26-35
61,Anh,Hoàng,CUST61@gmail.com,0795788568,Cần Thơ,36-45
62,Phương,Phạm,CUST62@gmail.com,0743135182,Cần Thơ,36-45
63,Linh,Huỳnh,CUST63@gmail.com,0589413435,Hà Nội,56-65
64,Tùng,Nguyễn,CUST64@gmail.com,0340084271,Thành phố Hồ Chí Minh,46-55
65,Thu,Vũ,CUST65@gmail.com,0875204711,Hà Nội,65+
66,Thắng,Võ,CUST66@gmail.com,0922941318,Đà Nẵng,56-65
67,Khánh,Trương,CUST67@gmail.com,0386774964,Hà Nội,65+
68,Ngọc,Lê,CUST68@gmail.com,0933412328,Hà Nội,46-55
69,Nam,Phạm,CUST69@gmail.com,0574034471,Hạ Long,65+
70,Ngọc,Nguyễn,CUST70@gmail.com,0536183242,Hà Nội,36-45
71,Đức,Phan,CUST71@gmail.com,0594717464,Hà Nội,18-25
72,Nam,Ngô,CUST72@gmail.com,0506594013,Đà Lạt,56-65
73,Linh,Trương,CUST73@gmail.com,0949027874,Hà Nội,46-55
74,Diệu,Đặng,CUST74@gmail.com,0975655125,Hà Nội,65+
75,Thắng,Võ,CUST75@gmail.com,0880715451,Đà Lạt,18-25
76,Minh,Vũ,CUST76@gmail.com,0576038597,Huế,26-35
77,Tài,Phạm,CUST77@gmail.com,0782477109,Cần Thơ,36-45
78,Minh,Ngô,CUST78@gmail.com,0508613171,Hà Nội,65+
79,Thảo,Võ,CUST79@gmail.com,0784677378,Hà Nội,56-65
80,Hà,Đặng,CUST80@gmail.com,0521465840,Hà Nội,56-65
81,Thắng,Phan,CUST81@gmail.com,0572787558,Hà Nội,36-45
82,Quang,Dương,CUST82@gmail.com,0339636057,Nha Trang,46-55
83,Hương,Phan,CUST83@gmail.com,0370289517,Hạ Long,18-25
84,Minh,Trần,CUST84@gmail.com,0362174596,Đà Lạt,65+
85,Minh,Bùi,CUST85@gmail.com,0565780913,Hạ Long,26-35
86,Anh,Đỗ,CUST86@gmail.com,0961172400,Hà Nội,36-45
87,Linh,Trần,CUST87@gmail.com,0762386922,Đà Nẵng,46-55
88,Yến,Bùi,CUST88@gmail.com,0537923747,Hà Nội,46-55
89,Quang,Huỳnh,CUST89@gmail.com,0782175946,Hà Nội,36-45
90,Hà,Đặng,CUST90@gmail.com,0367136959,Hà Nội,65+
91,Long,Đỗ,CUST91@gmail.com,0840909743,Hà Nội,65+
92,Khánh,Hoàng,CUST92@gmail.com,0394210470,Cần Thơ,18-25
93,Đức,Dương,CUST93@gmail.com,0756232858,Hà Nội,26-35
94,Tùng,Bùi,CUST94@gmail.com,0774517123,Cần Thơ,46-55
95,Hiền,Bùi,CUST95@gmail.com,0551604817,Cần Thơ,36-45
96,Anh,Dương,CUST96@gmail.com,0565137098,Đà Nẵng,65+
97,Bảo,Trần,CUST97@gmail.com,0974612004,Hà Nội,56-65
98,Minh,Trần,CUST98@gmail.com,0367586926,Nha Trang,56-65
99,Hương,Bùi,CUST99@gmail.com,0840537735,Hà Nội,65+
100,Minh,Bùi,CUST100@gmail.com,0706431713,Thành phố Hồ Chí Minh,18-25
101,Khánh,Phạm,CUST101@gmail.com,0953293183,Nha Trang,26-35
102,Tài,Lê,CUST102@gmail.com,0729042284,Hà Nội,18-25
103,Mai,Lê,CUST103@gmail.com,0305395024,Cần Thơ,56-65
104,Đức,Phạm,CUST104@gmail.com,0917758917,Hạ Long,18-25
105,Bảo,Đặng,CUST105@gmail.com,0547007661,Hạ Long,18-25
106,Hoàng,Đặng,CUST106@gmail.com,0959212499,Hà Nội,56-65
107,Sơn,Ngô,CUST107@gmail.com,0547896118,Hà Nội,46-55
108,Anh,Bùi,CUST108@gmail.com,0365766156,Hà Nội,26-35
109,Hoàng,Nguyễn,CUST109@gmail.com,0811116152,Thành phố Hồ Chí Minh,56-65
110,Hà,Hoàng,CUST110@gmail.com,0551656049,Hà Nội,56-65
111,Thắng,Huỳnh,CUST111@gmail.com,0327315851,Thành phố Hồ Chí Minh,46-55
112,Yến,Đặng,CUST112@gmail.com,0599809402,Huế,36-45
113,Ngọc,Đặng,CUST113@gmail.com,0702296120,Thành phố Hồ Chí Minh,46-55
114,Ngọc,Dương,CUST114@gmail.com,0875254599,Hà Nội,26-35
115,Diệu,Huỳnh,CUST115@gmail.com,0501476797,Hà Nội,56-65
116,Mai,Phạm,CUST116@gmail.com,0956149784,Hà Nội,56-65
117,Hương,Nguyễn,CUST117@gmail.com,0903432445,Hà Nội,46-55
118,Thu,Ngô,CUST118@gmail.com,0326838851,Cần Thơ,46-55
119,Hà,Trần,CUST119@gmail.com,0971596966,Hà Nội,36-45
120,Khánh,Võ,CUST120@gmail.com,0397516136,Thành phố Hồ Chí Minh,46-55
121,Đức,Phạm,CUST121@gmail.com,0753521818,Hạ Long,36-45
122,Thảo,Đỗ,CUST122@gmail.com,0723124329,Huế,18-25
123,Tùng,Bùi,CUST123@gmail.com,0377997995,Hà Nội,46-55
124,Ngọc,Huỳnh,CUST124@gmail.com,0977449058,Hà Nội,18-25
125,Kiều,Trương,CUST125@gmail.com,0954119986,Thành phố Hồ Chí Minh,65+
126,Mai,Vũ,CUST126@gmail.com,0979359782,Hà Nội,36-45
127,Long,Lê,CUST127@gmail.com,0982037788,Hà Nội,36-45
128,Hoàng,Bùi,CUST128@gmail.com,0865905151,Hà Nội,36-45
129,Thảo,Trương,CUST129@gmail.com,0525192546,Cần Thơ,18-25
130,Hiền,Nguyễn,CUST130@gmail.com,0786528168,Hà Nội,26-35
131,Tùng,Đỗ,CUST131@gmail.com,0357332214,Hà Nội,56-65
132,Linh,Ngô,CUST132@gmail.com,0505929622,Hải Phòng,56-65
133,Thắng,Đặng,CUST133@gmail.com,0370653794,Huế,26-35
134,Thắng,Huỳnh,CUST134@gmail.com,0534735977,Huế,56-65
135,Tùng,Hoàng,CUST135@gmail.com,0562392407,Thành phố Hồ Chí Minh,18-25
136,Trung,Võ,CUST136@gmail.com,0514124782,Hà Nội,26-35
137,Thu,Trần,CUST137@gmail.com,0850606853,Hà Nội,18-25
138,Thắng,Đặng,CUST138@gmail.com,0715220472,Hà Nội,56-65
139,Diệu,Trần,CUST139@gmail.com,0910432898,Huế,26-35
140,Trung,Dương,CUST140@gmail.com,0710369711,Hà Nội,56-65
141,Hiền,Phạm,CUST141@gmail.com,0989324609,Thành phố Hồ Chí Minh,26-35
142,Lan,Võ,CUST142@gmail.com,0985188888,Đà Lạt,18-25
143,Thắng,Trương,CUST143@gmail.com,0854051531,Cần Thơ,36-45
144,Tài,Lê,CUST144@gmail.com,0305852772,Hà Nội,46-55
145,Thu,Ngô,CUST145@gmail.com,0943030548,Thành phố Hồ Chí Minh,36-45
146,Diệu,Dương,CUST146@gmail.com,0934505415,Hà Nội,46-55
147,Sơn,Võ,CUST147@gmail.com,0852775841,Hà Nội,56-65
148,Kiều,Trương,CUST148@gmail.com,0384511544,Cần Thơ,26-35
149,Ngọc,Bùi,CUST149@gmail.com,0857059640,Đà Nẵng,36-45
150,Trang,Đỗ,CUST150@gmail.com,0520297021,Đà Nẵng,36-45
151,Thắng,Trần,CUST151@gmail.com,0890927557,Thành phố Hồ Chí Minh,56-65
152,Đức,Võ,CUST152@gmail.com,0765431027,Hạ Long,18-25
153,Thảo,Ngô,CUST153@gmail.com,0747394731,Hà Nội,26-35
154,Tùng,Lê,CUST154@gmail.com,0815518844,Cần Thơ,65+
155,Lan,Hoàng,CUST155@gmail.com,0358313237,Thành phố Hồ Chí Minh,36-45
156,Đức,Võ,CUST156@gmail.com,0882911467,Huế,56-65
157,Vinh,Ngô,CUST157@gmail.com,0925177852,Huế,65+
158,Hà,Lê,CUST158@gmail.com,0522680182,Hà Nội,65+
159,Thảo,Bùi,CUST159@gmail.com,0358414384,Hà Nội,56-65
160,Anh,Ngô,CUST160@gmail.com,0982992299,Hạ Long,18-25
161,Minh,Nguyễn,CUST161@gmail.com,0910943969,Hà Nội,65+
162,Quang,Nguyễn,CUST162@gmail.com,0544736471,Hà Nội,46-55
163,Thu,Lê,CUST163@gmail.com,0873592555,Huế,56-65
164,Thảo,Trần,CUST164@gmail.com,0515371473,Hà Nội,46-55
165,Bảo,Phan,CUST165@gmail.com,0563259532,Hà Nội,36-45
166,Hiền,Nguyễn,CUST166@gmail.com,0801687339,Hà Nội,46-55
167,Sơn,Hoàng,CUST167@gmail.com,0574801624,Huế,36-45
168,Ngọc,Võ,CUST168@gmail.com,0960983584,Thành phố Hồ Chí Minh,56-65
169,Hoàng,Hoàng,CUST169@gmail.com,0799121655,Huế,26-35
170,Tài,Vũ,CUST170@gmail.com,0586800025,Thành phố Hồ Chí Minh,26-35
171,Sơn,Ngô,CUST171@gmail.com,0582595269,Hà Nội,36-45
172,Anh,Bùi,CUST172@gmail.com,0588794705,Hà Nội,46-55
173,Sơn,Nguyễn,CUST173@gmail.com,0540974993,Thành phố Hồ Chí Minh,26-35
174,Lan,Vũ,CUST174@gmail.com,0596230913,Hà Nội,26-35
175,Phương,Phan,CUST175@gmail.com,0836897028,Hà Nội,65+
176,Hiền,Bùi,CUST176@gmail.com,0886527858,Huế,65+
177,Hà,Đỗ,CUST177@gmail.com,0797334843,Hà Nội,26-35
178,Nam,Phan,CUST178@gmail.com,0857584419,Hà Nội,46-55
179,Sơn,Vũ,CUST179@gmail.com,0724041574,Hà Nội,56-65
180,Mai,Bùi,CUST180@gmail.com,0784219933,Hạ Long,26-35
181,Hoàng,Dương,CUST181@gmail.com,0301657120,Hà Nội,65+
182,Trang,Phan,CUST182@gmail.com,0873454019,Cần Thơ,18-25
183,Lan,Huỳnh,CUST183@gmail.com,0362067240,Thành phố Hồ Chí Minh,18-25
184,Yến,Phạm,CUST184@gmail.com,0747887287,Nha Trang,36-45
185,Linh,Trương,CUST185@gmail.com,0374205493,Đà Lạt,46-55
186,Anh,Dương,CUST186@gmail.com,0885161227,Hà Nội,36-45
187,Yến,Bùi,CUST187@gmail.com,0837454990,Hà Nội,26-35
188,Minh,Dương,CUST188@gmail.com,0917426841,Hạ Long,36-45
189,Diệu,Đặng,CUST189@gmail.com,0533272795,Thành phố Hồ Chí Minh,46-55
190,Ngọc,Dương,CUST190@gmail.com,0533918785,Thành phố Hồ Chí Minh,18-25
191,Kiều,Trần,CUST191@gmail.com,0583982258,Hải Phòng,65+
192,Diệu,Vũ,CUST192@gmail.com,0571870728,Thành phố Hồ Chí Minh,56-65
193,Mai,Võ,CUST193@gmail.com,0840640391,Hà Nội,18-25
194,Thắng,Bùi,CUST194@gmail.com,0501704622,Vinh,65+
195,Minh,Ngô,CUST195@gmail.com,0856766182,Hà Nội,26-35
196,Nam,Đặng,CUST196@gmail.com,0568230047,Thành phố Hồ Chí Minh,56-65
197,Mai,Đỗ,CUST197@gmail.com,0833752431,Hải Phòng,56-65
198,Nam,Đặng,CUST198@gmail.com,0933119079,Đà Lạt,26-35
199,Hà,Phạm,CUST199@gmail.com,0967383028,Nha Trang,65+
200,Trang,Võ,CUST200@gmail.com,0559953428,Hà Nội,18-25
201,Tài,Phan,CUST201@gmail.com,0592687056,Hà Nội,46-55
202,Hà,Ngô,CUST202@gmail.com,0824628733,Cần Thơ,46-55
203,Yến,Phạm,CUST203@gmail.com,0986688263,Hà Nội,18-25
204,Long,Nguyễn,CUST204@gmail.com,0851830469,Đà Lạt,26-35
205,Duy,Phạm,CUST205@gmail.com,0583735403,Vinh,18-25
206,Thu,Vũ,CUST206@gmail.com,0839363854,Thành phố Hồ Chí Minh,36-45
207,Duy,Phạm,CUST207@gmail.com,0745877175,Hà Nội,46-55
208,Sơn,Võ,CUST208@gmail.com,0993204899,Hà Nội,26-35
209,Thắng,Ngô,CUST209@gmail.com,0736937854,Hà Nội,65+
210,Duy,Dương,CUST210@gmail.com,0872522872,Thành phố Hồ Chí Minh,65+
211,Ngọc,Đặng,CUST211@gmail.com,0980100623,Hà Nội,26-35
212,Lan,Phan,CUST212@gmail.com,0575099770,Thành phố Hồ Chí Minh,18-25
213,Hương,Dương,CUST213@gmail.com,0984840862,Hà Nội,26-35
214,Hiền,Võ,CUST214@gmail.com,0339845461,Hà Nội,26-35
215,Bảo,Nguyễn,CUST215@gmail.com,0341016668,Đà Nẵng,65+
216,Trang,Phạm,CUST216@gmail.com,0317659180,Hạ Long,65+
217,Linh,Dương,CUST217@gmail.com,0574014890,Đà Lạt,18-25
218,Khánh,Ngô,CUST218@gmail.com,0392614293,Nha Trang,65+
219,Diệu,Phạm,CUST219@gmail.com,0556218501,Nha Trang,36-45
220,Trang,Hoàng,CUST220@gmail.com,0599650477,Thành phố Hồ Chí Minh,46-55
221,Ngọc,Huỳnh,CUST221@gmail.com,0829619431,Hà Nội,65+
222,Hiền,Đỗ,CUST222@gmail.com,0365511047,Hà Nội,26-35
223,Lan,Trần,CUST223@gmail.com,0926788861,Hà Nội,18-25
224,Sơn,Dương,CUST224@gmail.com,0595604661,Thành phố Hồ Chí Minh,26-35
225,Bảo,Lê,CUST225@gmail.com,0582622444,Hà Nội,46-55
226,Long,Trương,CUST226@gmail.com,0764715437,Hà Nội,18-25
227,Anh,Võ,CUST227@gmail.com,0340659657,Nha Trang,65+
228,Thu,Hoàng,CUST228@gmail.com,0524593752,Hà Nội,65+
229,Duy,Trương,CUST229@gmail.com,0893564651,Hà Nội,56-65
230,Nam,Vũ,CUST230@gmail.com,0380737416,Hà Nội,36-45
231,Khánh,Võ,CUST231@gmail.com,0342661797,Thành phố Hồ Chí Minh,65+
232,Nam,Bùi,CUST232@gmail.com,0880589113,Hà Nội,65+
233,Yến,Phạm,CUST233@gmail.com,0509656101,Thành phố Hồ Chí Minh,56-65
234,Quang,Phan,CUST234@gmail.com,0599375679,Hà Nội,18-25
235,Anh,Vũ,CUST235@gmail.com,0814611254,Huế,56-65
236,Mai,Đỗ,CUST236@gmail.com,0857177514,Cần Thơ,18-25
237,Hoàng,Võ,CUST237@gmail.com,0712382825,Vinh,26-35
238,Khánh,Võ,CUST238@gmail.com,0822660937,Hà Nội,65+
239,Anh,Phạm,CUST239@gmail.com,0334191825,Hà Nội,36-45
240,Hiền,Hoàng,CUST240@gmail.com,0885969691,Nha Trang,56-65
241,Hà,Trần,CUST241@gmail.com,0349912513,Hà Nội,65+
242,Linh,Vũ,CUST242@gmail.com,0386692966,Đà Nẵng,65+
243,Long,Nguyễn,CUST243@gmail.com,0382742257,Đà Lạt,18-25
244,Diệu,Đặng,CUST244@gmail.com,0823688767,Nha Trang,46-55
245,Hoàng,Huỳnh,CUST245@gmail.com,0319034043,Hà Nội,46-55
246,Trung,Hoàng,CUST246@gmail.com,0578819148,Thành phố Hồ Chí Minh,18-25
247,Yến,Hoàng,CUST247@gmail.com,0883613407,Đà Lạt,18-25
248,Long,Lê,CUST248@gmail.com,0813395962,Huế,26-35
249,Quang,Huỳnh,CUST249@gmail.com,0995849825,Hà Nội,36-45
250,Thảo,Đặng,CUST250@gmail.com,0512604223,Hà Nội,26-35
251,Minh,Đỗ,CUST251@gmail.com,0872946671,Đà Lạt,18-25
252,Tùng,Đỗ,CUST252@gmail.com,0884577590,Nha Trang,18-25
253,Yến,Hoàng,CUST253@gmail.com,0851863637,Nha Trang,36-45
254,Minh,Đỗ,CUST254@gmail.com,0592975001,Nha Trang,18-25
255,Linh,Ngô,CUST255@gmail.com,0927706324,Hạ Long,36-45
256,Sơn,Đặng,CUST256@gmail.com,0954152064,Huế,46-55
257,Đức,Bùi,CUST257@gmail.com,0910371293,Hà Nội,18-25
258,Sơn,Đỗ,CUST258@gmail.com,0716271361,Hà Nội,36-45
259,Lan,Trương,CUST259@gmail.com,0742622189,Hải Phòng,46-55
260,Thảo,Đỗ,CUST260@gmail.com,0732697311,Hà Nội,65+
261,Hoàng,Trương,CUST261@gmail.com,0856523413,Đà Nẵng,56-65
262,Hà,Bùi,CUST262@gmail.com,0704389836,Hà Nội,26-35
263,Hiền,Dương,CUST263@gmail.com,0861379180,Hà Nội,46-55
264,Ngọc,Nguyễn,CUST264@gmail.com,0565827109,Hà Nội,18-25
265,Minh,Phan,CUST265@gmail.com,0968486661,Thành phố Hồ Chí Minh,26-35
266,Thu,Trương,CUST266@gmail.com,0714183285,Đà Nẵng,65+
267,Kiều,Trương,CUST267@gmail.com,0946303161,Đà Nẵng,36-45
268,Đức,Đỗ,CUST268@gmail.com,0310202758,Nha Trang,36-45
269,Đức,Trần,CUST269@gmail.com,0352410564,Hà Nội,56-65
270,Hiền,Lê,CUST270@gmail.com,0977850792,Hà Nội,18-25
271,Bảo,Hoàng,CUST271@gmail.com,0513800030,Hà Nội,26-35
272,Yến,Ngô,CUST272@gmail.com,0308635365,Hà Nội,36-45
273,Vinh,Vũ,CUST273@gmail.com,0980238061,Đà Lạt,36-45
274,Tài,Huỳnh,CUST274@gmail.com,0718705349,Cần Thơ,26-35
275,Duy,Võ,CUST275@gmail.com,0859738320,Hà Nội,56-65
276,Trang,Võ,CUST276@gmail.com,0705064138,Hà Nội,18-25
277,Sơn,Trần,CUST277@gmail.com,0341038657,Thành phố Hồ Chí Minh,56-65
278,Hà,Huỳnh,CUST278@gmail.com,0361990623,Đà Lạt,46-55
279,Hương,Lê,CUST279@gmail.com,0757431329,Hà Nội,46-55
280,Kiều,Huỳnh,CUST280@gmail.com,0856185374,Đà Lạt,18-25
281,Hiền,Võ,CUST281@gmail.com,0349035213,Thành phố Hồ Chí Minh,65+
282,Hương,Vũ,CUST282@gmail.com,0742067883,Hà Nội,26-35
283,Khánh,Trương,CUST283@gmail.com,0900323651,Hà Nội,18-25
284,Kiều,Nguyễn,CUST284@gmail.com,0913721510,Hà Nội,56-65
285,Duy,Lê,CUST285@gmail.com,0867066253,Hà Nội,46-55
286,Vinh,Phan,CUST286@gmail.com,0309993476,Hà Nội,18-25
287,Thu,Đỗ,CUST287@gmail.com,0762638380,Cần Thơ,46-55
288,Lan,Hoàng,CUST288@gmail.com,0575985642,Thành phố Hồ Chí Minh,18-25
289,Trang,Bùi,CUST289@gmail.com,0707859321,Hà Nội,56-65
290,Anh,Đỗ,CUST290@gmail.com,0939652239,Cần Thơ,36-45
291,Hoàng,Huỳnh,CUST291@gmail.com,0505992937,Hà Nội,18-25
292,Anh,Dương,CUST292@gmail.com,0903930870,Đà Nẵng,26-35
293,Tùng,Phan,CUST293@gmail.com,0725002921,Đà Lạt,18-25
294,Sơn,Võ,CUST294@gmail.com,0769154522,Huế,46-55
295,Hà,Đặng,CUST295@gmail.com,0728953926,Hải Phòng,26-35
296,Duy,Đỗ,CUST296@gmail.com,0309690295,Vinh,26-35
297,Linh,Bùi,CUST297@gmail.com,0517251355,Đà Lạt,18-25
298,Tài,Trần,CUST298@gmail.com,0770433154,Cần Thơ,18-25
299,Thu,Trần,CUST299@gmail.com,0876267658,Nha Trang,56-65
300,Hương,Trần,CUST300@gmail.com,0327104054,Hà Nội,46-55
301,Diệu,Bùi,CUST301@gmail.com,0318159970,Hà Nội,46-55
302,Yến,Bùi,CUST302@gmail.com,0301533688,Hà Nội,26-35
303,Lan,Võ,CUST303@gmail.com,0906987205,Hà Nội,65+
304,Bảo,Ngô,CUST304@gmail.com,0573103241,Hà Nội,46-55
305,Hiền,Lê,CUST305@gmail.com,0874186256,Hà Nội,36-45
306,Ngọc,Bùi,CUST306@gmail.com,0874349021,Hà Nội,56-65
307,Nam,Ngô,CUST307@gmail.com,0893806868,Hạ Long,56-65
308,Tài,Trương,CUST308@gmail.com,0374160898,Hải Phòng,56-65
309,Diệu,Trần,CUST309@gmail.com,0317223320,Vinh,46-55
310,Thu,Phan,CUST310@gmail.com,0329451168,Hà Nội,36-45
311,Thảo,Lê,CUST311@gmail.com,0570998616,Thành phố Hồ Chí Minh,56-65
312,Thu,Bùi,CUST312@gmail.com,0919148564,Hà Nội,56-65
313,Mai,Võ,CUST313@gmail.com,0802462996,Đà Lạt,36-45
314,Yến,Ngô,CUST314@gmail.com,0307450544,Hà Nội,65+
315,Minh,Trần,CUST315@gmail.com,0932475469,Hà Nội,26-35
316,Quang,Phan,CUST316@gmail.com,0878508214,Hà Nội,56-65
317,Mai,Dương,CUST317@gmail.com,0502330307,Hà Nội,26-35
318,Bảo,Trương,CUST318@gmail.com,0757861035,Hà Nội,46-55
319,Thu,Nguyễn,CUST319@gmail.com,0585524140,Hà Nội,56-65
320,Bảo,Dương,CUST320@gmail.com,0333346800,Hà Nội,26-35
321,Tùng,Hoàng,CUST321@gmail.com,0503494466,Hà Nội,26-35
322,Nam,Ngô,CUST322@gmail.com,0848969108,Nha Trang,56-65
323,Minh,Hoàng,CUST323@gmail.com,0594417154,Đà Lạt,36-45
324,Nam,Lê,CUST324@gmail.com,0732830965,Cần Thơ,65+
325,Trung,Phạm,CUST325@gmail.com,0844666099,Hà Nội,65+
326,Hà,Trần,CUST326@gmail.com,0387584282,Hà Nội,65+
327,Diệu,Đỗ,CUST327@gmail.com,0782513534,Đà Lạt,36-45
328,Long,Trần,CUST328@gmail.com,0794717099,Hà Nội,26-35
329,Phương,Hoàng,CUST329@gmail.com,0516846022,Hà Nội,56-65
330,Minh,Nguyễn,CUST330@gmail.com,0825217525,Hà Nội,36-45
331,Minh,Võ,CUST331@gmail.com,0329271296,Hà Nội,46-55
332,Phương,Nguyễn,CUST332@gmail.com,0800835058,Hải Phòng,65+
333,Hà,Lê,CUST333@gmail.com,0335421689,Hà Nội,18-25
334,Anh,Dương,CUST334@gmail.com,0747898562,Hà Nội,26-35
335,Đức,Lê,CUST335@gmail.com,0360332309,Hà Nội,65+
336,Minh,Ngô,CUST336@gmail.com,0964890901,Hà Nội,65+
337,Phương,Đặng,CUST337@gmail.com,0967618472,Hải Phòng,18-25
338,Trung,Dương,CUST338@gmail.com,0761849926,Hà Nội,65+
339,Thắng,Huỳnh,CUST339@gmail.com,0514117393,Nha Trang,26-35
340,Anh,Phạm,CUST340@gmail.com,0764208737,Hà Nội,65+
341,Vinh,Huỳnh,CUST341@gmail.com,0919721811,Đà Nẵng,46-55
342,Tài,Bùi,CUST342@gmail.com,0747012045,Hà Nội,65+
343,Long,Huỳnh,CUST343@gmail.com,0910022557,Đà Lạt,18-25
344,Quang,Ngô,CUST344@gmail.com,0752166746,Hà Nội,46-55
345,Tài,Trương,CUST345@gmail.com,0312021697,Hải Phòng,26-35
346,Vinh,Võ,CUST346@gmail.com,0565902771,Hà Nội,18-25
347,Đức,Đặng,CUST347@gmail.com,0750899358,Cần Thơ,18-25
348,Lan,Bùi,CUST348@gmail.com,0837562890,Hạ Long,56-65
349,Mai,Phan,CUST349@gmail.com,0872175354,Hà Nội,65+
350,Tùng,Vũ,CUST350@gmail.com,0863177971,Hà Nội,18-25
351,Trung,Trần,CUST351@gmail.com,0801660880,Huế,56-65
352,Tùng,Vũ,CUST352@gmail.com,0788375503,Hà Nội,56-65
353,Hiền,Ngô,CUST353@gmail.com,0575711305,Đà Nẵng,36-45
354,Hương,Huỳnh,CUST354@gmail.com,0585102726,Đà Nẵng,26-35
355,Duy,Bùi,CUST355@gmail.com,0963735160,Nha Trang,56-65
356,Sơn,Nguyễn,CUST356@gmail.com,0977982708,Thành phố Hồ Chí Minh,46-55
357,Nam,Trương,CUST357@gmail.com,0578292216,Đà Nẵng,36-45
358,Kiều,Đỗ,CUST358@gmail.com,0566934654,Hà Nội,46-55
359,Long,Đặng,CUST359@gmail.com,0584858333,Hà Nội,36-45
360,Khánh,Trương,CUST360@gmail.com,0328851587,Hạ Long,65+
361,Thảo,Nguyễn,CUST361@gmail.com,0884608106,Hải Phòng,26-35
362,Mai,Hoàng,CUST362@gmail.com,0724420438,Nha Trang,18-25
363,Duy,Võ,CUST363@gmail.com,0583863840,Hà Nội,65+
364,Duy,Bùi,CUST364@gmail.com,0780043973,Cần Thơ,65+
365,Nam,Trần,CUST365@gmail.com,0798933472,Hà Nội,26-35
366,Linh,Trương,CUST366@gmail.com,0516064842,Nha Trang,18-25
367,Trung,Bùi,CUST367@gmail.com,0772025909,Hà Nội,56-65
368,Tài,Phan,CUST368@gmail.com,0551583281,Hà Nội,56-65
369,Hà,Phạm,CUST369@gmail.com,0561533555,Vinh,56-65
370,Duy,Trương,CUST370@gmail.com,0578015739,Hà Nội,18-25
371,Trung,Đỗ,CUST371@gmail.com,0761648408,Hà Nội,56-65
372,Linh,Đỗ,CUST372@gmail.com,0870435811,Thành phố Hồ Chí Minh,18-25
373,Sơn,Bùi,CUST373@gmail.com,0933613861,Hà Nội,46-55
374,Khánh,Ngô,CUST374@gmail.com,0701102481,Hà Nội,36-45
375,Hoàng,Nguyễn,CUST375@gmail.com,0867665061,Đà Nẵng,56-65
376,Long,Trần,CUST376@gmail.com,0990158144,Hà Nội,46-55
377,Tài,Đỗ,CUST377@gmail.com,0860728326,Nha Trang,36-45
378,Lan,Trương,CUST378@gmail.com,0345088210,Thành phố Hồ Chí Minh,56-65
379,Linh,Lê,CUST379@gmail.com,0514353682,Hà Nội,36-45
380,Hà,Bùi,CUST380@gmail.com,0312908781,Hà Nội,18-25
381,Long,Trần,CUST381@gmail.com,0397552314,Hạ Long,36-45
382,Hiền,Đỗ,CUST382@gmail.com,0875949299,Hà Nội,46-55
383,Nam,Đặng,CUST383@gmail.com,0305336452,Hà Nội,46-55
384,Ngọc,Ngô,CUST384@gmail.com,0875478129,Hà Nội,26-35
385,Khánh,Võ,CUST385@gmail.com,0534110809,Huế,26-35
386,Trang,Dương,CUST386@gmail.com,0984887256,Huế,65+
387,Lan,Bùi,CUST387@gmail.com,0727881658,Hà Nội,56-65
388,Sơn,Đặng,CUST388@gmail.com,0382722992,Hà Nội,36-45
389,Nam,Phạm,CUST389@gmail.com,0937314530,Thành phố Hồ Chí Minh,36-45
390,Trung,Đặng,CUST390@gmail.com,0877005184,Hà Nội,56-65
391,Thu,Dương,CUST391@gmail.com,0526659184,Hà Nội,46-55
392,Linh,Phạm,CUST392@gmail.com,0757790827,Hà Nội,65+
393,Diệu,Đỗ,CUST393@gmail.com,0732225913,Hà Nội,18-25
394,Mai,Lê,CUST394@gmail.com,0877392603,Thành phố Hồ Chí Minh,26-35
395,Đức,Võ,CUST395@gmail.com,0380920242,Thành phố Hồ Chí Minh,56-65
396,Trang,Ngô,CUST396@gmail.com,0941379772,Hà Nội,26-35
397,Khánh,Trần,CUST397@gmail.com,0529842579,Hà Nội,46-55
398,Hương,Lê,CUST398@gmail.com,0310388629,Hà Nội,56-65
399,Hoàng,Ngô,CUST399@gmail.com,0508811729,Hà Nội,65+
400,Tài,Đỗ,CUST400@gmail.com,0886508637,Hà Nội,56-65
401,Long,Dương,CUST401@gmail.com,0516247314,Thành phố Hồ Chí Minh,36-45
402,Minh,Phạm,CUST402@gmail.com,0300981806,Hải Phòng,36-45
403,Diệu,Trương,CUST403@gmail.com,0851269448,Hà Nội,36-45
404,Hoàng,Vũ,CUST404@gmail.com,0836887258,Hà Nội,36-45
405,Phương,Phan,CUST405@gmail.com,0556213721,Hà Nội,36-45
406,Duy,Trương,CUST406@gmail.com,0590260127,Hà Nội,18-25
407,Minh,Phan,CUST407@gmail.com,0735190669,Hà Nội,56-65
408,Mai,Đỗ,CUST408@gmail.com,0927703843,Thành phố Hồ Chí Minh,56-65
409,Yến,Đỗ,CUST409@gmail.com,0392053021,Hà Nội,65+
410,Hà,Đặng,CUST410@gmail.com,0869380118,Nha Trang,56-65
411,Lan,Huỳnh,CUST411@gmail.com,0754393769,Hà Nội,56-65
412,Vinh,Phan,CUST412@gmail.com,0981845184,Nha Trang,56-65
413,Vinh,Trương,CUST413@gmail.com,0776973577,Đà Lạt,46-55
414,Đức,Phan,CUST414@gmail.com,0941633565,Hà Nội,36-45
415,Anh,Hoàng,CUST415@gmail.com,0341651827,Hà Nội,56-65
416,Trang,Phạm,CUST416@gmail.com,0723733343,Nha Trang,56-65
417,Mai,Ngô,CUST417@gmail.com,0721117908,Hà Nội,56-65
418,Trang,Đỗ,CUST418@gmail.com,0779472846,Thành phố Hồ Chí Minh,18-25
419,Kiều,Trần,CUST419@gmail.com,0567808562,Hải Phòng,46-55
420,Long,Ngô,CUST420@gmail.com,0700369155,Hà Nội,56-65
421,Diệu,Phạm,CUST421@gmail.com,0734795527,Hà Nội,36-45
422,Trung,Trần,CUST422@gmail.com,0764729293,Cần Thơ,26-35
423,Diệu,Vũ,CUST423@gmail.com,0566322702,Hà Nội,65+
424,Thu,Trần,CUST424@gmail.com,0585744890,Hải Phòng,18-25
425,Hoàng,Phan,CUST425@gmail.com,0347175455,Hạ Long,36-45
426,Minh,Bùi,CUST426@gmail.com,0706159399,Thành phố Hồ Chí Minh,36-45
427,Kiều,Bùi,CUST427@gmail.com,0758771694,Vinh,26-35
428,Trang,Hoàng,CUST428@gmail.com,0769961125,Hà Nội,36-45
429,Diệu,Lê,CUST429@gmail.com,0796475987,Hà Nội,18-25
430,Ngọc,Dương,CUST430@gmail.com,0334132611,Đà Lạt,56-65
431,Ngọc,Bùi,CUST431@gmail.com,0906811492,Hạ Long,46-55
432,Lan,Nguyễn,CUST432@gmail.com,0733472282,Hải Phòng,36-45
433,Khánh,Trương,CUST433@gmail.com,0878487282,Hà Nội,65+
434,Tài,Trần,CUST434@gmail.com,0568845783,Hà Nội,36-45
435,Hà,Vũ,CUST435@gmail.com,0842400825,Thành phố Hồ Chí Minh,65+
436,Hoàng,Hoàng,CUST436@gmail.com,0874064930,Hà Nội,56-65
437,Diệu,Bùi,CUST437@gmail.com,0863266341,Hà Nội,56-65
438,Hà,Trần,CUST438@gmail.com,0748463122,Đà Nẵng,56-65
439,Hoàng,Nguyễn,CUST439@gmail.com,0849735020,Hà Nội,18-25
440,Bảo,Phạm,CUST440@gmail.com,0742703120,Hà Nội,36-45
441,Thắng,Võ,CUST441@gmail.com,0857051204,Hà Nội,46-55
442,Trang,Đặng,CUST442@gmail.com,0334601367,Vinh,26-35
443,Minh,Đặng,CUST443@gmail.com,0818376452,Hà Nội,56-65
444,Hương,Phạm,CUST444@gmail.com,0514743503,Đà Nẵng,36-45
445,Khánh,Đỗ,CUST445@gmail.com,0924916300,Hải Phòng,65+
446,Anh,Dương,CUST446@gmail.com,0525132719,Vinh,65+
447,Anh,Phan,CUST447@gmail.com,0905281273,Huế,36-45
448,Quang,Vũ,CUST448@gmail.com,0830652407,Thành phố Hồ Chí Minh,56-65
449,Tùng,Ngô,CUST449@gmail.com,0839285574,Thành phố Hồ Chí Minh,56-65
450,Kiều,Nguyễn,CUST450@gmail.com,0318274485,Huế,56-65
451,Nam,Phan,CUST451@gmail.com,0820959351,Nha Trang,26-35
452,Hương,Trần,CUST452@gmail.com,0578294565,Thành phố Hồ Chí Minh,18-25
453,Mai,Trương,CUST453@gmail.com,0922031731,Đà Nẵng,46-55
454,Quang,Trần,CUST454@gmail.com,0889940539,Hà Nội,26-35
455,Trung,Trương,CUST455@gmail.com,0817058650,Hà Nội,18-25
456,Thu,Phạm,CUST456@gmail.com,0941381138,Hà Nội,65+
457,Nam,Vũ,CUST457@gmail.com,0392886195,Cần Thơ,46-55
458,Long,Vũ,CUST458@gmail.com,0922868528,Hạ Long,36-45
459,Hoàng,Phạm,CUST459@gmail.com,0555665939,Hà Nội,56-65
460,Lan,Phan,CUST460@gmail.com,0757760049,Hà Nội,36-45
461,Hoàng,Trương,CUST461@gmail.com,0943350488,Hạ Long,26-35
462,Trang,Phạm,CUST462@gmail.com,0907522459,Hà Nội,36-45
463,Bảo,Ngô,CUST463@gmail.com,0996931572,Đà Lạt,65+
464,Duy,Đỗ,CUST464@gmail.com,0519409610,Hà Nội,46-55
465,Mai,Hoàng,CUST465@gmail.com,0813906048,Thành phố Hồ Chí Minh,26-35
466,Đức,Trần,CUST466@gmail.com,0783206799,Hà Nội,36-45
467,Thu,Huỳnh,CUST467@gmail.com,0822517908,Hà Nội,56-65
468,Phương,Phan,CUST468@gmail.com,0822783769,Đà Nẵng,65+
469,Hương,Bùi,CUST469@gmail.com,0533146591,Hà Nội,36-45
470,Long,Ngô,CUST470@gmail.com,0735590425,Vinh,46-55
471,Hương,Đặng,CUST471@gmail.com,0527033521,Hà Nội,56-65
472,Anh,Phạm,CUST472@gmail.com,0340514770,Cần Thơ,26-35
473,Thu,Trương,CUST473@gmail.com,0388487920,Hạ Long,56-65
474,Kiều,Bùi,CUST474@gmail.com,0942043940,Hạ Long,18-25
475,Đức,Đặng,CUST475@gmail.com,0845104636,Hà Nội,36-45
476,Duy,Đặng,CUST476@gmail.com,0898123878,Hà Nội,26-35
477,Hiền,Bùi,CUST477@gmail.com,0545762055,Hà Nội,56-65
478,Anh,Dương,CUST478@gmail.com,0704608432,Hà Nội,26-35
479,Diệu,Huỳnh,CUST479@gmail.com,0968936392,Hạ Long,36-45
480,Hà,Đặng,CUST480@gmail.com,0882329832,Cần Thơ,56-65
481,Sơn,Trần,CUST481@gmail.com,0362925188,Hà Nội,26-35
482,Hương,Lê,CUST482@gmail.com,0956647423,Hà Nội,56-65
483,Nam,Nguyễn,CUST483@gmail.com,0549993933,Hà Nội,65+
484,Bảo,Lê,CUST484@gmail.com,0828975267,Hà Nội,26-35
485,Linh,Dương,CUST485@gmail.com,0960463331,Vinh,46-55
486,Sơn,Ngô,CUST486@gmail.com,0575736609,Hà Nội,36-45
487,Kiều,Vũ,CUST487@gmail.com,0899988081,Nha Trang,18-25
488,Phương,Huỳnh,CUST488@gmail.com,0388608680,Hà Nội,36-45
489,Kiều,Ngô,CUST489@gmail.com,0772649082,Đà Nẵng,18-25
490,Kiều,Nguyễn,CUST490@gmail.com,0512982665,Hà Nội,56-65
491,Quang,Vũ,CUST491@gmail.com,0371452111,Đà Nẵng,18-25
492,Thắng,Lê,CUST492@gmail.com,0568926860,Hạ Long,56-65
493,Hà,Bùi,CUST493@gmail.com,0322206447,Hà Nội,26-35
494,Tài,Nguyễn,CUST494@gmail.com,0309407778,Đà Nẵng,46-55
495,Long,Nguyễn,CUST495@gmail.com,0339776719,Hà Nội,56-65
496,Mai,Lê,CUST496@gmail.com,0798302205,Đà Lạt,65+
497,Linh,Bùi,CUST497@gmail.com,0594510162,Hà Nội,65+
498,Thắng,Huỳnh,CUST498@gmail.com,0598279501,Hà Nội,46-55
499,Anh,Phan,CUST499@gmail.com,0968147214,Hà Nội,26-35
500,Duy,Đỗ,CUST500@gmail.com,0390198179,Vinh,36-45
501,Long,Trương,CUST501@gmail.com,0895489952,Hà Nội,65+
502,Lan,Vũ,CUST502@gmail.com,0872934301,Đà Nẵng,18-25
503,Lan,Bùi,CUST503@gmail.com,0396605583,Hà Nội,36-45
504,Nam,Hoàng,CUST504@gmail.com,0714488501,Hà Nội,65+
505,Tài,Nguyễn,CUST505@gmail.com,0590235577,Đà Nẵng,46-55
506,Khánh,Đặng,CUST506@gmail.com,0378576084,Hải Phòng,56-65
507,Trung,Nguyễn,CUST507@gmail.com,0503955124,Hà Nội,46-55
508,Quang,Ngô,CUST508@gmail.com,0529962914,Hà Nội,18-25
509,Đức,Huỳnh,CUST509@gmail.com,0761735743,Hà Nội,36-45
510,Phương,Hoàng,CUST510@gmail.com,0931780782,Hạ Long,65+
511,Kiều,Võ,CUST511@gmail.com,0545218230,Cần Thơ,56-65
512,Hương,Phan,CUST512@gmail.com,0904091570,Huế,65+
513,Yến,Phan,CUST513@gmail.com,0709435334,Hà Nội,46-55
514,Đức,Trần,CUST514@gmail.com,0942241098,Hà Nội,36-45
515,Hà,Trương,CUST515@gmail.com,0554249321,Đà Lạt,56-65
516,Ngọc,Võ,CUST516@gmail.com,0802070160,Hà Nội,65+
517,Ngọc,Dương,CUST517@gmail.com,0597954538,Huế,46-55
518,Trang,Phạm,CUST518@gmail.com,0521717477,Hà Nội,56-65
519,Ngọc,Vũ,CUST519@gmail.com,0756255770,Hà Nội,46-55
520,Thu,Ngô,CUST520@gmail.com,0824599281,Cần Thơ,18-25
521,Trang,Trương,CUST521@gmail.com,0781487696,Hà Nội,26-35
522,Tài,Hoàng,CUST522@gmail.com,0861539669,Thành phố Hồ Chí Minh,26-35
523,Hoàng,Trần,CUST523@gmail.com,0319719975,Nha Trang,26-35
524,Minh,Bùi,CUST524@gmail.com,0761919657,Hà Nội,26-35
525,Long,Trương,CUST525@gmail.com,0390227846,Hà Nội,26-35
526,Long,Phan,CUST526@gmail.com,0749465190,Hà Nội,26-35
527,Tùng,Huỳnh,CUST527@gmail.com,0705800851,Đà Lạt,26-35
528,Phương,Bùi,CUST528@gmail.com,0896566668,Hà Nội,26-35
529,Lan,Trần,CUST529@gmail.com,0386562422,Đà Nẵng,26-35
530,Long,Lê,CUST530@gmail.com,0862126796,Hà Nội,46-55
531,Khánh,Vũ,CUST531@gmail.com,0576532690,Nha Trang,26-35
532,Bảo,Đặng,CUST532@gmail.com,0546895009,Hà Nội,56-65
533,Vinh,Trương,CUST533@gmail.com,0812847818,Hà Nội,46-55
534,Bảo,Vũ,CUST534@gmail.com,0989490580,Thành phố Hồ Chí Minh,46-55
535,Sơn,Huỳnh,CUST535@gmail.com,0556544209,Cần Thơ,56-65
536,Lan,Huỳnh,CUST536@gmail.com,0707929049,Hà Nội,26-35
537,Lan,Đặng,CUST537@gmail.com,0514429444,Hà Nội,26-35
538,Tài,Phan,CUST538@gmail.com,0527524372,Đà Lạt,36-45
539,Sơn,Bùi,CUST539@gmail.com,0929276637,Hà Nội,56-65
540,Hà,Vũ,CUST540@gmail.com,0704102767,Cần Thơ,56-65
541,Hà,Dương,CUST541@gmail.com,0366742860,Huế,46-55
542,Anh,Huỳnh,CUST542@gmail.com,0780185694,Hà Nội,18-25
543,Nam,Đặng,CUST543@gmail.com,0796739385,Vinh,36-45
544,Nam,Vũ,CUST544@gmail.com,0500106181,Hà Nội,65+
545,Nam,Dương,CUST545@gmail.com,0743009109,Nha Trang,56-65
546,Quang,Lê,CUST546@gmail.com,0911926921,Hà Nội,46-55
547,Thắng,Nguyễn,CUST547@gmail.com,0974654214,Hà Nội,36-45
548,Thu,Lê,CUST548@gmail.com,0944271739,Đà Nẵng,18-25
549,Mai,Trần,CUST549@gmail.com,0386391741,Hà Nội,65+
550,Thảo,Đặng,CUST550@gmail.com,0770720064,Hà Nội,46-55
551,Trang,Nguyễn,CUST551@gmail.com,0508776618,Hà Nội,65+
552,Minh,Bùi,CUST552@gmail.com,0819855460,Hà Nội,56-65
553,Nam,Phạm,CUST553@gmail.com,0717432806,Hà Nội,46-55
554,Lan,Đặng,CUST554@gmail.com,0957173203,Vinh,26-35
555,Mai,Hoàng,CUST555@gmail.com,0861847870,Hà Nội,65+
556,Trang,Dương,CUST556@gmail.com,0961387829,Hà Nội,65+
557,Linh,Bùi,CUST557@gmail.com,0370790320,Hà Nội,36-45
558,Long,Đỗ,CUST558@gmail.com,0979291117,Đà Nẵng,18-25
559,Anh,Ngô,CUST559@gmail.com,0365651982,Vinh,26-35
560,Linh,Đặng,CUST560@gmail.com,0992511426,Hà Nội,26-35
561,Lan,Dương,CUST561@gmail.com,0839021962,Hà Nội,18-25
562,Thảo,Bùi,CUST562@gmail.com,0921946723,Hà Nội,46-55
563,Ngọc,Bùi,CUST563@gmail.com,0832909279,Nha Trang,36-45
564,Long,Hoàng,CUST564@gmail.com,0760833181,Đà Lạt,56-65
565,Nam,Ngô,CUST565@gmail.com,0537340312,Vinh,46-55
566,Yến,Hoàng,CUST566@gmail.com,0822005436,Đà Nẵng,46-55
567,Hương,Trần,CUST567@gmail.com,0910822078,Đà Lạt,65+
568,Anh,Phạm,CUST568@gmail.com,0899563531,Hà Nội,65+
569,Vinh,Võ,CUST569@gmail.com,0836317970,Hà Nội,56-65
570,Phương,Hoàng,CUST570@gmail.com,0826527354,Hà Nội,65+
571,Thắng,Hoàng,CUST571@gmail.com,0504217762,Hà Nội,36-45
572,Tùng,Phan,CUST572@gmail.com,0529298316,Hà Nội,26-35
573,Diệu,Trương,CUST573@gmail.com,0577406335,Hà Nội,56-65
574,Diệu,Phan,CUST574@gmail.com,0390600780,Hà Nội,65+
575,Thảo,Hoàng,CUST575@gmail.com,0977318063,Hà Nội,65+
576,Kiều,Vũ,CUST576@gmail.com,0907427990,Huế,65+
577,Mai,Huỳnh,CUST577@gmail.com,0825701658,Hà Nội,36-45
578,Duy,Bùi,CUST578@gmail.com,0589319508,Hà Nội,18-25
579,Minh,Phan,CUST579@gmail.com,0965790552,Cần Thơ,56-65
580,Thắng,Đặng,CUST580@gmail.com,0325381793,Huế,36-45
581,Kiều,Vũ,CUST581@gmail.com,0748640155,Thành phố Hồ Chí Minh,18-25
582,Vinh,Dương,CUST582@gmail.com,0888479513,Hà Nội,18-25
583,Bảo,Lê,CUST583@gmail.com,0824112412,Đà Lạt,56-65
584,Sơn,Bùi,CUST584@gmail.com,0946827567,Hà Nội,26-35
585,Bảo,Trương,CUST585@gmail.com,0903856955,Hải Phòng,56-65
586,Trang,Vũ,CUST586@gmail.com,0577492424,Hà Nội,36-45
587,Hà,Lê,CUST587@gmail.com,0925472928,Vinh,65+
588,Yến,Hoàng,CUST588@gmail.com,0323105927,Hà Nội,56-65
589,Hà,Trần,CUST589@gmail.com,0955257828,Hạ Long,46-55
590,Minh,Đặng,CUST590@gmail.com,0827520885,Hà Nội,36-45
591,Nam,Phan,CUST591@gmail.com,0529751702,Hà Nội,18-25
592,Minh,Phạm,CUST592@gmail.com,0893751509,Thành phố Hồ Chí Minh,26-35
593,Phương,Vũ,CUST593@gmail.com,0730187186,Hà Nội,56-65
594,Lan,Huỳnh,CUST594@gmail.com,0505626565,Hà Nội,36-45
595,Tài,Đặng,CUST595@gmail.com,0881376742,Vinh,46-55
596,Tùng,Phan,CUST596@gmail.com,0829912347,Vinh,18-25
597,Kiều,Đặng,CUST597@gmail.com,0561064628,Thành phố Hồ Chí Minh,26-35
598,Hà,Vũ,CUST598@gmail.com,0326487049,Thành phố Hồ Chí Minh,46-55
599,Diệu,Lê,CUST599@gmail.com,0300244714,Hà Nội,65+
600,Bảo,Trương,CUST600@gmail.com,0301471959,Hà Nội,36-45
601,Mai,Lê,CUST601@gmail.com,0815890429,Hà Nội,65+
602,Hà,Huỳnh,CUST602@gmail.com,0352045650,Thành phố Hồ Chí Minh,18-25
603,Trung,Ngô,CUST603@gmail.com,0532192855,Hải Phòng,36-45
604,Đức,Huỳnh,CUST604@gmail.com,0751895202,Hà Nội,46-55
605,Tài,Dương,CUST605@gmail.com,0852132833,Thành phố Hồ Chí Minh,65+
606,Duy,Nguyễn,CUST606@gmail.com,0588167112,Hà Nội,36-45
607,Sơn,Ngô,CUST607@gmail.com,0727985240,Hà Nội,26-35
608,Ngọc,Nguyễn,CUST608@gmail.com,0334232161,Huế,46-55
609,Duy,Huỳnh,CUST609@gmail.com,0931089071,Hà Nội,36-45
610,Lan,Trần,CUST610@gmail.com,0911939325,Hà Nội,65+
611,Khánh,Trần,CUST611@gmail.com,0795528938,Hà Nội,56-65
612,Duy,Phạm,CUST612@gmail.com,0983342801,Hạ Long,65+
613,Diệu,Phạm,CUST613@gmail.com,0859271256,Thành phố Hồ Chí Minh,46-55
614,Quang,Huỳnh,CUST614@gmail.com,0951718275,Thành phố Hồ Chí Minh,18-25
615,Nam,Ngô,CUST615@gmail.com,0957164794,Hà Nội,56-65
616,Nam,Vũ,CUST616@gmail.com,0846317520,Hải Phòng,46-55
617,Sơn,Dương,CUST617@gmail.com,0881126691,Đà Lạt,26-35
618,Trung,Võ,CUST618@gmail.com,0953539613,Cần Thơ,36-45
619,Đức,Huỳnh,CUST619@gmail.com,0594657967,Hà Nội,46-55
620,Sơn,Nguyễn,CUST620@gmail.com,0914773201,Nha Trang,46-55
621,Hương,Đỗ,CUST621@gmail.com,0926952499,Hà Nội,56-65
622,Anh,Đỗ,CUST622@gmail.com,0873477848,Đà Lạt,56-65
623,Kiều,Nguyễn,CUST623@gmail.com,0906167567,Hà Nội,56-65
624,Khánh,Bùi,CUST624@gmail.com,0727624671,Hà Nội,56-65
625,Yến,Vũ,CUST625@gmail.com,0597782806,Thành phố Hồ Chí Minh,46-55
626,Trung,Hoàng,CUST626@gmail.com,0554500902,Hà Nội,65+
627,Hiền,Nguyễn,CUST627@gmail.com,0505616556,Hải Phòng,26-35
628,Lan,Phan,CUST628@gmail.com,0349114152,Hà Nội,46-55
629,Anh,Võ,CUST629@gmail.com,0898640790,Thành phố Hồ Chí Minh,36-45
630,Linh,Trương,CUST630@gmail.com,0517135785,Hà Nội,46-55
631,Khánh,Võ,CUST631@gmail.com,0371834404,Nha Trang,56-65
632,Bảo,Võ,CUST632@gmail.com,0991954198,Hà Nội,18-25
633,Yến,Trương,CUST633@gmail.com,0784685366,Thành phố Hồ Chí Minh,65+
634,Yến,Dương,CUST634@gmail.com,0520829737,Đà Nẵng,56-65
635,Thảo,Đặng,CUST635@gmail.com,0890835723,Hải Phòng,36-45
636,Yến,Bùi,CUST636@gmail.com,0865136442,Đà Nẵng,46-55
637,Hoàng,Võ,CUST637@gmail.com,0312303477,Hà Nội,18-25
638,Minh,Ngô,CUST638@gmail.com,0324204482,Hà Nội,65+
639,Vinh,Hoàng,CUST639@gmail.com,0800159416,Hải Phòng,18-25
640,Thắng,Dương,CUST640@gmail.com,0823198189,Thành phố Hồ Chí Minh,46-55
641,Duy,Võ,CUST641@gmail.com,0939155963,Hà Nội,18-25
642,Hoàng,Hoàng,CUST642@gmail.com,0334764907,Hải Phòng,18-25
643,Quang,Hoàng,CUST643@gmail.com,0786734257,Nha Trang,18-25
644,Vinh,Đỗ,CUST644@gmail.com,0500348645,Hải Phòng,56-65
645,Hà,Phạm,CUST645@gmail.com,0376064413,Đà Lạt,26-35
646,Duy,Ngô,CUST646@gmail.com,0856041776,Hà Nội,46-55
647,Sơn,Hoàng,CUST647@gmail.com,0924815698,Hà Nội,18-25
648,Khánh,Trần,CUST648@gmail.com,0927206345,Hà Nội,26-35
649,Linh,Bùi,CUST649@gmail.com,0529657724,Thành phố Hồ Chí Minh,36-45
650,Trang,Nguyễn,CUST650@gmail.com,0731652669,Hạ Long,56-65
651,Long,Võ,CUST651@gmail.com,0531734206,Đà Nẵng,26-35
652,Trung,Bùi,CUST652@gmail.com,0952910867,Hà Nội,26-35
653,Long,Phạm,CUST653@gmail.com,0334476263,Vinh,36-45
654,Long,Vũ,CUST654@gmail.com,0362620443,Hạ Long,36-45
655,Quang,Võ,CUST655@gmail.com,0571072563,Cần Thơ,65+
656,Bảo,Dương,CUST656@gmail.com,0541180053,Hà Nội,56-65
657,Nam,Hoàng,CUST657@gmail.com,0500489646,Hà Nội,56-65
658,Thảo,Trần,CUST658@gmail.com,0992428757,Hà Nội,56-65
659,Sơn,Hoàng,CUST659@gmail.com,0824150274,Hạ Long,36-45
660,Thắng,Lê,CUST660@gmail.com,0794856257,Thành phố Hồ Chí Minh,65+
661,Yến,Lê,CUST661@gmail.com,0803203207,Cần Thơ,46-55
662,Hương,Ngô,CUST662@gmail.com,0970758777,Cần Thơ,26-35
663,Khánh,Dương,CUST663@gmail.com,0951342284,Hải Phòng,26-35
664,Nam,Trần,CUST664@gmail.com,0508926137,Đà Lạt,18-25
665,Ngọc,Vũ,CUST665@gmail.com,0716591520,Nha Trang,65+
666,Anh,Đặng,CUST666@gmail.com,0874905097,Vinh,56-65
667,Thu,Trần,CUST667@gmail.com,0330450189,Hà Nội,26-35
668,Minh,Đỗ,CUST668@gmail.com,0361032664,Vinh,26-35
669,Trung,Hoàng,CUST669@gmail.com,0947649251,Thành phố Hồ Chí Minh,46-55
670,Tài,Hoàng,CUST670@gmail.com,0867499616,Đà Nẵng,46-55
671,Đức,Bùi,CUST671@gmail.com,0810857327,Đà Nẵng,18-25
672,Trung,Phạm,CUST672@gmail.com,0776174224,Thành phố Hồ Chí Minh,36-45
673,Diệu,Trần,CUST673@gmail.com,0508108186,Hà Nội,65+
674,Sơn,Bùi,CUST674@gmail.com,0545491801,Hà Nội,26-35
675,Long,Đỗ,CUST675@gmail.com,0801645977,Hà Nội,26-35
676,Lan,Võ,CUST676@gmail.com,0321941680,Hà Nội,26-35
677,Quang,Bùi,CUST677@gmail.com,0876974995,Vinh,65+
678,Quang,Phạm,CUST678@gmail.com,0841220310,Đà Lạt,26-35
679,Thảo,Vũ,CUST679@gmail.com,0823683147,Hà Nội,18-25
680,Phương,Huỳnh,CUST680@gmail.com,0327770793,Thành phố Hồ Chí Minh,46-55
681,Sơn,Phan,CUST681@gmail.com,0950166799,Vinh,18-25
682,Đức,Nguyễn,CUST682@gmail.com,0867899730,Hà Nội,36-45
683,Kiều,Đặng,CUST683@gmail.com,0514671795,Hà Nội,26-35
684,Duy,Bùi,CUST684@gmail.com,0737573839,Hà Nội,56-65
685,Phương,Huỳnh,CUST685@gmail.com,0824665729,Hải Phòng,18-25
686,Bảo,Huỳnh,CUST686@gmail.com,0822329716,Hà Nội,56-65
687,Tài,Trần,CUST687@gmail.com,0905452280,Hà Nội,18-25
688,Thắng,Nguyễn,CUST688@gmail.com,0531837455,Huế,56-65
689,Hương,Đỗ,CUST689@gmail.com,0728910771,Đà Nẵng,18-25
690,Sơn,Huỳnh,CUST690@gmail.com,0508121352,Cần Thơ,56-65
691,Diệu,Đỗ,CUST691@gmail.com,0812552137,Huế,26-35
692,Hiền,Bùi,CUST692@gmail.com,0854821456,Hải Phòng,26-35
693,Tài,Bùi,CUST693@gmail.com,0563266678,Hà Nội,18-25
694,Thắng,Lê,CUST694@gmail.com,0820811556,Hà Nội,46-55
695,Tùng,Huỳnh,CUST695@gmail.com,0929084668,Cần Thơ,36-45
696,Vinh,Phan,CUST696@gmail.com,0704892673,Đà Nẵng,56-65
697,Thu,Đặng,CUST697@gmail.com,0856341085,Cần Thơ,26-35
698,Anh,Đỗ,CUST698@gmail.com,0584318848,Đà Nẵng,18-25
699,Sơn,Nguyễn,CUST699@gmail.com,0989434681,Nha Trang,36-45
700,Kiều,Hoàng,CUST700@gmail.com,0551017490,Vinh,65+
701,Nam,Lê,CUST701@gmail.com,0598935449,Cần Thơ,56-65
702,Thảo,Đặng,CUST702@gmail.com,0315893571,Hà Nội,46-55
703,Hiền,Bùi,CUST703@gmail.com,0910627371,Thành phố Hồ Chí Minh,56-65
704,Sơn,Võ,CUST704@gmail.com,0586497677,Nha Trang,26-35
705,Kiều,Vũ,CUST705@gmail.com,0527728813,Hà Nội,26-35
706,Hà,Nguyễn,CUST706@gmail.com,0551961159,Thành phố Hồ Chí Minh,18-25
707,Tài,Trương,CUST707@gmail.com,0745447022,Hà Nội,36-45
708,Tùng,Nguyễn,CUST708@gmail.com,0732701851,Hà Nội,56-65
709,Đức,Bùi,CUST709@gmail.com,0797567922,Hà Nội,46-55
710,Vinh,Võ,CUST710@gmail.com,0825199663,Hà Nội,18-25
711,Minh,Phan,CUST711@gmail.com,0841209481,Hà Nội,56-65
712,Hương,Bùi,CUST712@gmail.com,0590983780,Hạ Long,26-35
713,Anh,Võ,CUST713@gmail.com,0943397189,Thành phố Hồ Chí Minh,46-55
714,Yến,Trần,CUST714@gmail.com,0956260856,Hà Nội,18-25
715,Diệu,Bùi,CUST715@gmail.com,0524224124,Hà Nội,56-65
716,Diệu,Dương,CUST716@gmail.com,0720046152,Hà Nội,46-55
717,Thắng,Phan,CUST717@gmail.com,0903399378,Hà Nội,18-25
718,Diệu,Bùi,CUST718@gmail.com,0705786170,Hà Nội,18-25
719,Diệu,Vũ,CUST719@gmail.com,0789138249,Hà Nội,65+
720,Duy,Phan,CUST720@gmail.com,0532582386,Hà Nội,18-25
721,Yến,Ngô,CUST721@gmail.com,0894200749,Hải Phòng,36-45
722,Hà,Trần,CUST722@gmail.com,0398402891,Hà Nội,18-25
723,Minh,Huỳnh,CUST723@gmail.com,0384639855,Vinh,65+
724,Lan,Dương,CUST724@gmail.com,0843553795,Hải Phòng,65+
725,Thắng,Võ,CUST725@gmail.com,0997002687,Thành phố Hồ Chí Minh,65+
726,Thu,Lê,CUST726@gmail.com,0980715695,Nha Trang,65+
727,Thắng,Huỳnh,CUST727@gmail.com,0917537030,Hải Phòng,65+
728,Mai,Huỳnh,CUST728@gmail.com,0731943375,Hà Nội,65+
729,Bảo,Lê,CUST729@gmail.com,0530361498,Thành phố Hồ Chí Minh,65+
730,Yến,Dương,CUST730@gmail.com,0599219212,Thành phố Hồ Chí Minh,26-35
731,Lan,Võ,CUST731@gmail.com,0543089487,Đà Nẵng,65+
732,Hiền,Phan,CUST732@gmail.com,0956641877,Huế,65+
733,Phương,Hoàng,CUST733@gmail.com,0304687506,Hà Nội,56-65
734,Ngọc,Bùi,CUST734@gmail.com,0936133254,Đà Nẵng,18-25
735,Trang,Hoàng,CUST735@gmail.com,0860954317,Nha Trang,36-45
736,Hương,Trần,CUST736@gmail.com,0531997179,Vinh,18-25
737,Minh,Võ,CUST737@gmail.com,0851207049,Hà Nội,65+
738,Trang,Ngô,CUST738@gmail.com,0980466196,Thành phố Hồ Chí Minh,65+
739,Anh,Bùi,CUST739@gmail.com,0507676991,Hạ Long,18-25
740,Quang,Trần,CUST740@gmail.com,0885931109,Thành phố Hồ Chí Minh,26-35
741,Linh,Phạm,CUST741@gmail.com,0528456797,Hà Nội,18-25
742,Vinh,Phan,CUST742@gmail.com,0924968549,Huế,26-35
743,Nam,Bùi,CUST743@gmail.com,0849545089,Hà Nội,26-35
744,Anh,Phạm,CUST744@gmail.com,0580653331,Hải Phòng,65+
745,Anh,Lê,CUST745@gmail.com,0895995946,Hà Nội,18-25
746,Bảo,Đặng,CUST746@gmail.com,0830337933,Huế,36-45
747,Lan,Phan,CUST747@gmail.com,0836205015,Hà Nội,36-45
748,Linh,Phạm,CUST748@gmail.com,0839500334,Đà Lạt,65+
749,Duy,Trần,CUST749@gmail.com,0358323024,Hà Nội,65+
750,Tài,Hoàng,CUST750@gmail.com,0361534735,Hải Phòng,56-65
751,Thu,Đặng,CUST751@gmail.com,0561122338,Hà Nội,56-65
752,Anh,Phạm,CUST752@gmail.com,0830993842,Hà Nội,36-45
753,Linh,Phan,CUST753@gmail.com,0389731791,Hà Nội,65+
754,Quang,Vũ,CUST754@gmail.com,0557872558,Cần Thơ,46-55
755,Kiều,Ngô,CUST755@gmail.com,0849690333,Hà Nội,26-35
756,Thảo,Đỗ,CUST756@gmail.com,0766925481,Hà Nội,46-55
757,Diệu,Vũ,CUST757@gmail.com,0553907895,Hà Nội,46-55
758,Yến,Bùi,CUST758@gmail.com,0775460273,Hà Nội,18-25
759,Ngọc,Hoàng,CUST759@gmail.com,0788814311,Hà Nội,26-35
760,Tùng,Đỗ,CUST760@gmail.com,0735444392,Cần Thơ,56-65
761,Bảo,Bùi,CUST761@gmail.com,0704456690,Thành phố Hồ Chí Minh,26-35
762,Thắng,Vũ,CUST762@gmail.com,0833373898,Cần Thơ,46-55
763,Tùng,Phan,CUST763@gmail.com,0715366377,Hà Nội,26-35
764,Diệu,Bùi,CUST764@gmail.com,0524075536,Huế,65+
765,Anh,Trương,CUST765@gmail.com,0545909022,Đà Nẵng,56-65
766,Phương,Vũ,CUST766@gmail.com,0596636186,Hà Nội,56-65
767,Bảo,Nguyễn,CUST767@gmail.com,0841218209,Hà Nội,18-25
768,Hiền,Phan,CUST768@gmail.com,0843348170,Hà Nội,36-45
769,Thu,Dương,CUST769@gmail.com,0862128671,Đà Lạt,26-35
770,Phương,Phan,CUST770@gmail.com,0346729949,Cần Thơ,46-55
771,Đức,Hoàng,CUST771@gmail.com,0730271693,Hạ Long,46-55
772,Thu,Trương,CUST772@gmail.com,0879014754,Nha Trang,26-35
773,Hương,Võ,CUST773@gmail.com,0832967629,Hải Phòng,18-25
774,Thắng,Phan,CUST774@gmail.com,0324841376,Hà Nội,36-45
775,Đức,Nguyễn,CUST775@gmail.com,0918567243,Hà Nội,18-25
776,Hương,Đặng,CUST776@gmail.com,0865636004,Hạ Long,36-45
777,Bảo,Ngô,CUST777@gmail.com,0877118372,Hà Nội,26-35
778,Linh,Trần,CUST778@gmail.com,0309124186,Hải Phòng,18-25
779,Kiều,Đặng,CUST779@gmail.com,0727523083,Hà Nội,65+
780,Thắng,Võ,CUST780@gmail.com,0516470900,Huế,26-35
781,Trung,Phạm,CUST781@gmail.com,0733106005,Hải Phòng,18-25
782,Anh,Phan,CUST782@gmail.com,0312206815,Đà Nẵng,56-65
783,Anh,Lê,CUST783@gmail.com,0386613315,Hà Nội,65+
784,Hiền,Nguyễn,CUST784@gmail.com,0706373149,Hà Nội,26-35
785,Hương,Trương,CUST785@gmail.com,0849718924,Hà Nội,65+
786,Long,Dương,CUST786@gmail.com,0825257150,Thành phố Hồ Chí Minh,46-55
787,Hà,Phạm,CUST787@gmail.com,0538903091,Cần Thơ,26-35
788,Thu,Phạm,CUST788@gmail.com,0510257432,Đà Nẵng,26-35
789,Minh,Ngô,CUST789@gmail.com,0575245086,Hà Nội,18-25
790,Long,Ngô,CUST790@gmail.com,0355338033,Hà Nội,36-45
791,Phương,Lê,CUST791@gmail.com,0370171302,Hà Nội,56-65
792,Sơn,Phạm,CUST792@gmail.com,0533816742,Hà Nội,26-35
793,Ngọc,Hoàng,CUST793@gmail.com,0534497347,Hà Nội,26-35
794,Thắng,Võ,CUST794@gmail.com,0876896270,Hà Nội,18-25
795,Hà,Vũ,CUST795@gmail.com,0798282467,Hà Nội,56-65
796,Lan,Nguyễn,CUST796@gmail.com,0571527323,Đà Lạt,65+
797,Minh,Trương,CUST797@gmail.com,0776665674,Hà Nội,18-25
798,Quang,Vũ,CUST798@gmail.com,0969236458,Đà Nẵng,36-45
799,Quang,Bùi,CUST799@gmail.com,0966337050,Đà Nẵng,36-45
800,Hương,Đỗ,CUST800@gmail.com,0572439920,Hà Nội,65+
801,Yến,Đặng,CUST801@gmail.com,0869183626,Hà Nội,56-65
802,Yến,Đặng,CUST802@gmail.com,0894611952,Hà Nội,65+
803,Đức,Võ,CUST803@gmail.com,0840270116,Hải Phòng,65+
804,Đức,Trần,CUST804@gmail.com,0822522372,Hà Nội,26-35
805,Hương,Ngô,CUST805@gmail.com,0330234679,Đà Nẵng,18-25
806,Trang,Vũ,CUST806@gmail.com,0716141509,Hà Nội,18-25
807,Tài,Nguyễn,CUST807@gmail.com,0904090138,Hà Nội,56-65
808,Anh,Ngô,CUST808@gmail.com,0777596555,Hà Nội,36-45
809,Tùng,Đặng,CUST809@gmail.com,0869055107,Hà Nội,26-35
810,Nam,Bùi,CUST810@gmail.com,0991843579,Đà Lạt,56-65
811,Trang,Trương,CUST811@gmail.com,0830505057,Hà Nội,65+
812,Phương,Đặng,CUST812@gmail.com,0515671649,Hà Nội,56-65
813,Linh,Dương,CUST813@gmail.com,0580271487,Hà Nội,18-25
814,Quang,Nguyễn,CUST814@gmail.com,0883332116,Hà Nội,36-45
815,Ngọc,Đỗ,CUST815@gmail.com,0843471287,Hải Phòng,26-35
816,Trang,Huỳnh,CUST816@gmail.com,0591566863,Hà Nội,18-25
817,Tùng,Hoàng,CUST817@gmail.com,0915931952,Vinh,56-65
818,Thắng,Hoàng,CUST818@gmail.com,0940983665,Huế,26-35
819,Anh,Lê,CUST819@gmail.com,0599316087,Nha Trang,36-45
820,Anh,Huỳnh,CUST820@gmail.com,0377294209,Thành phố Hồ Chí Minh,65+
821,Tài,Hoàng,CUST821@gmail.com,0949737460,Hà Nội,65+
822,Hoàng,Võ,CUST822@gmail.com,0330276420,Hà Nội,65+
823,Quang,Ngô,CUST823@gmail.com,0856618443,Thành phố Hồ Chí Minh,18-25
824,Kiều,Đặng,CUST824@gmail.com,0359047292,Hà Nội,26-35
825,Diệu,Bùi,CUST825@gmail.com,0333059126,Nha Trang,18-25
826,Diệu,Lê,CUST826@gmail.com,0957201859,Đà Nẵng,46-55
827,Minh,Đặng,CUST827@gmail.com,0301367492,Hà Nội,65+
828,Ngọc,Trần,CUST828@gmail.com,0976475011,Hà Nội,65+
829,Tài,Trương,CUST829@gmail.com,0530999741,Hà Nội,46-55
830,Thu,Ngô,CUST830@gmail.com,0849215182,Cần Thơ,46-55
831,Thắng,Đỗ,CUST831@gmail.com,0588718981,Hà Nội,65+
832,Mai,Lê,CUST832@gmail.com,0929208751,Thành phố Hồ Chí Minh,65+
833,Hiền,Phan,CUST833@gmail.com,0318401184,Hà Nội,65+
834,Khánh,Vũ,CUST834@gmail.com,0934084872,Hải Phòng,56-65
835,Phương,Lê,CUST835@gmail.com,0798831030,Hà Nội,26-35
836,Diệu,Trần,CUST836@gmail.com,0398395429,Thành phố Hồ Chí Minh,36-45
837,Phương,Trần,CUST837@gmail.com,0826714628,Đà Nẵng,36-45
838,Tài,Võ,CUST838@gmail.com,0359892625,Hà Nội,56-65
839,Anh,Bùi,CUST839@gmail.com,0314181861,Hà Nội,36-45
840,Hương,Đỗ,CUST840@gmail.com,0723401636,Hạ Long,26-35
841,Hoàng,Huỳnh,CUST841@gmail.com,0549718594,Đà Nẵng,18-25
842,Bảo,Trương,CUST842@gmail.com,0356258896,Hà Nội,18-25
843,Quang,Đỗ,CUST843@gmail.com,0522269405,Hà Nội,56-65
844,Diệu,Phan,CUST844@gmail.com,0872757844,Hạ Long,26-35
845,Ngọc,Lê,CUST845@gmail.com,0714651113,Thành phố Hồ Chí Minh,18-25
846,Đức,Bùi,CUST846@gmail.com,0787068277,Vinh,56-65
847,Trang,Đặng,CUST847@gmail.com,0960930685,Hải Phòng,56-65
848,Hiền,Ngô,CUST848@gmail.com,0509728321,Hà Nội,36-45
849,Trung,Phan,CUST849@gmail.com,0967625153,Đà Lạt,18-25
850,Phương,Dương,CUST850@gmail.com,0747443096,Hà Nội,65+
851,Kiều,Hoàng,CUST851@gmail.com,0507970509,Hà Nội,18-25
852,Phương,Trần,CUST852@gmail.com,0952650167,Thành phố Hồ Chí Minh,26-35
853,Hiền,Huỳnh,CUST853@gmail.com,0817024376,Hà Nội,26-35
854,Lan,Hoàng,CUST854@gmail.com,0541772256,Đà Lạt,65+
855,Vinh,Nguyễn,CUST855@gmail.com,0313402665,Hà Nội,26-35
856,Thắng,Đỗ,CUST856@gmail.com,0841678725,Huế,46-55
857,Đức,Nguyễn,CUST857@gmail.com,0562110225,Huế,26-35
858,Bảo,Trần,CUST858@gmail.com,0956906744,Huế,26-35
859,Nam,Ngô,CUST859@gmail.com,0528234143,Hà Nội,46-55
860,Thảo,Võ,CUST860@gmail.com,0989239231,Hà Nội,26-35
861,Đức,Huỳnh,CUST861@gmail.com,0360931066,Cần Thơ,26-35
862,Hương,Huỳnh,CUST862@gmail.com,0356708604,Hà Nội,36-45
863,Phương,Huỳnh,CUST863@gmail.com,0835020005,Hà Nội,56-65
864,Hương,Bùi,CUST864@gmail.com,0962475541,Hà Nội,56-65
865,Minh,Huỳnh,CUST865@gmail.com,0355598953,Hà Nội,46-55
866,Quang,Vũ,CUST866@gmail.com,0912910933,Hạ Long,18-25
867,Thảo,Phạm,CUST867@gmail.com,0595473820,Hà Nội,65+
868,Diệu,Phan,CUST868@gmail.com,0785571617,Hạ Long,56-65
869,Tài,Đặng,CUST869@gmail.com,0929424090,Hà Nội,46-55
870,Thắng,Võ,CUST870@gmail.com,0888127868,Hà Nội,36-45
871,Kiều,Phan,CUST871@gmail.com,0320293908,Cần Thơ,56-65
872,Mai,Phan,CUST872@gmail.com,0743448123,Hà Nội,18-25
873,Lan,Bùi,CUST873@gmail.com,0342403381,Hà Nội,56-65
874,Anh,Nguyễn,CUST874@gmail.com,0751842694,Đà Nẵng,18-25
875,Sơn,Đặng,CUST875@gmail.com,0734240891,Hải Phòng,65+
876,Khánh,Bùi,CUST876@gmail.com,0798373543,Nha Trang,46-55
877,Linh,Vũ,CUST877@gmail.com,0373652717,Hà Nội,26-35
878,Trung,Võ,CUST878@gmail.com,0397240422,Hải Phòng,26-35
879,Thảo,Đặng,CUST879@gmail.com,0921637618,Huế,18-25
880,Trang,Đỗ,CUST880@gmail.com,0516601002,Hà Nội,26-35
881,Bảo,Đỗ,CUST881@gmail.com,0500185132,Thành phố Hồ Chí Minh,46-55
882,Minh,Phan,CUST882@gmail.com,0345723084,Hà Nội,18-25
883,Lan,Phạm,CUST883@gmail.com,0984186203,Hà Nội,26-35
884,Hương,Huỳnh,CUST884@gmail.com,0743617213,Hà Nội,56-65
885,Đức,Hoàng,CUST885@gmail.com,0715109226,Thành phố Hồ Chí Minh,65+
886,Nam,Hoàng,CUST886@gmail.com,0824945147,Hạ Long,65+
887,Trung,Trần,CUST887@gmail.com,0902252677,Hà Nội,46-55
888,Bảo,Võ,CUST888@gmail.com,0721522655,Hà Nội,46-55
889,Hoàng,Vũ,CUST889@gmail.com,0552366878,Thành phố Hồ Chí Minh,26-35
890,Hiền,Nguyễn,CUST890@gmail.com,0819689313,Hà Nội,18-25
891,Hà,Vũ,CUST891@gmail.com,0787210552,Hà Nội,56-65
892,Sơn,Nguyễn,CUST892@gmail.com,0833302126,Hải Phòng,46-55
893,Thảo,Hoàng,CUST893@gmail.com,0701917920,Hà Nội,26-35
894,Quang,Huỳnh,CUST894@gmail.com,0909622728,Hà Nội,65+
895,Thắng,Lê,CUST895@gmail.com,0770412009,Thành phố Hồ Chí Minh,18-25
896,Diệu,Dương,CUST896@gmail.com,0867849843,Hà Nội,18-25
897,Linh,Ngô,CUST897@gmail.com,0562369036,Cần Thơ,56-65
898,Tài,Hoàng,CUST898@gmail.com,0517756620,Đà Nẵng,26-35
899,Hà,Lê,CUST899@gmail.com,0711159503,Thành phố Hồ Chí Minh,18-25
900,Yến,Trần,CUST900@gmail.com,0390438303,Vinh,56-65
901,Hiền,Đỗ,CUST901@gmail.com,0997005140,Hà Nội,46-55
902,Vinh,Đặng,CUST902@gmail.com,0535652156,Thành phố Hồ Chí Minh,56-65
903,Thảo,Bùi,CUST903@gmail.com,0309679042,Hà Nội,65+
904,Duy,Đỗ,CUST904@gmail.com,0933228898,Hà Nội,26-35
905,Long,Trương,CUST905@gmail.com,0745960633,Hà Nội,26-35
906,Hương,Vũ,CUST906@gmail.com,0571024817,Hà Nội,36-45
907,Quang,Đỗ,CUST907@gmail.com,0314955112,Hà Nội,46-55
908,Thu,Võ,CUST908@gmail.com,0772197054,Đà Lạt,65+
909,Đức,Vũ,CUST909@gmail.com,0375895516,Hà Nội,65+
910,Thu,Lê,CUST910@gmail.com,0990380214,Thành phố Hồ Chí Minh,18-25
911,Hương,Trần,CUST911@gmail.com,0367157787,Hà Nội,18-25
912,Bảo,Phạm,CUST912@gmail.com,0863651559,Cần Thơ,46-55
913,Anh,Trương,CUST913@gmail.com,0947082723,Hà Nội,56-65
914,Thắng,Bùi,CUST914@gmail.com,0805673030,Hà Nội,36-45
915,Tùng,Võ,CUST915@gmail.com,0312146147,Thành phố Hồ Chí Minh,65+
916,Hiền,Võ,CUST916@gmail.com,0720165423,Hà Nội,56-65
917,Ngọc,Đặng,CUST917@gmail.com,0365960893,Hải Phòng,56-65
918,Hương,Đỗ,CUST918@gmail.com,0355027275,Vinh,46-55
919,Phương,Đặng,CUST919@gmail.com,0780727910,Vinh,46-55
920,Lan,Hoàng,CUST920@gmail.com,0529635339,Nha Trang,18-25
921,Hiền,Ngô,CUST921@gmail.com,0748177665,Thành phố Hồ Chí Minh,56-65
922,Linh,Phan,CUST922@gmail.com,0712765289,Hà Nội,36-45
923,Duy,Võ,CUST923@gmail.com,0849111109,Hà Nội,65+
924,Phương,Phạm,CUST924@gmail.com,0581789046,Huế,56-65
925,Lan,Hoàng,CUST925@gmail.com,0813715766,Huế,56-65
926,Lan,Nguyễn,CUST926@gmail.com,0744463060,Hà Nội,36-45
927,Thu,Phạm,CUST927@gmail.com,0595529638,Đà Nẵng,46-55
928,Linh,Võ,CUST928@gmail.com,0996262658,Hà Nội,65+
929,Phương,Trần,CUST929@gmail.com,0381964825,Hà Nội,46-55
930,Lan,Đặng,CUST930@gmail.com,0992098196,Cần Thơ,46-55
931,Thắng,Huỳnh,CUST931@gmail.com,0723343836,Hải Phòng,36-45
932,Hương,Lê,CUST932@gmail.com,0920911791,Hà Nội,26-35
933,Diệu,Trần,CUST933@gmail.com,0917536170,Hà Nội,65+
934,Lan,Dương,CUST934@gmail.com,0936657224,Hà Nội,56-65
935,Lan,Lê,CUST935@gmail.com,0501557998,Thành phố Hồ Chí Minh,36-45
936,Phương,Ngô,CUST936@gmail.com,0939080882,Hà Nội,26-35
937,Phương,Trần,CUST937@gmail.com,0952312447,Hà Nội,56-65
938,Phương,Bùi,CUST938@gmail.com,0777686342,Nha Trang,65+
939,Diệu,Dương,CUST939@gmail.com,0761994237,Hà Nội,56-65
940,Hiền,Hoàng,CUST940@gmail.com,0759196639,Đà Lạt,18-25
941,Trung,Dương,CUST941@gmail.com,0820849649,Đà Nẵng,56-65
942,Trang,Trần,CUST942@gmail.com,0760125625,Hà Nội,36-45
943,Kiều,Trương,CUST943@gmail.com,0725105053,Huế,26-35
944,Hoàng,Huỳnh,CUST944@gmail.com,0516493831,Cần Thơ,65+
945,Tài,Vũ,CUST945@gmail.com,0996655330,Hà Nội,36-45
946,Trang,Trương,CUST946@gmail.com,0811729596,Hà Nội,18-25
947,Mai,Hoàng,CUST947@gmail.com,0507426088,Đà Nẵng,18-25
948,Hoàng,Đỗ,CUST948@gmail.com,0816445561,Hà Nội,56-65
949,Lan,Phạm,CUST949@gmail.com,0964771591,Hà Nội,18-25
950,Trung,Dương,CUST950@gmail.com,0315632135,Thành phố Hồ Chí Minh,18-25
951,Quang,Trương,CUST951@gmail.com,0940104145,Huế,46-55
952,Thắng,Trương,CUST952@gmail.com,0722971252,Đà Lạt,46-55
953,Anh,Đỗ,CUST953@gmail.com,0818839774,Cần Thơ,26-35
954,Ngọc,Vũ,CUST954@gmail.com,0944158331,Hà Nội,18-25
955,Thắng,Phan,CUST955@gmail.com,0376371539,Thành phố Hồ Chí Minh,36-45
956,Kiều,Ngô,CUST956@gmail.com,0772812356,Đà Nẵng,26-35
957,Thảo,Vũ,CUST957@gmail.com,0831462491,Đà Lạt,65+
958,Kiều,Hoàng,CUST958@gmail.com,0930724078,Hà Nội,56-65
959,Anh,Nguyễn,CUST959@gmail.com,0956326868,Hà Nội,36-45
960,Long,Huỳnh,CUST960@gmail.com,0906634362,Thành phố Hồ Chí Minh,46-55
961,Vinh,Nguyễn,CUST961@gmail.com,0561031310,Thành phố Hồ Chí Minh,26-35
962,Hương,Phạm,CUST962@gmail.com,0981439666,Cần Thơ,65+
963,Sơn,Nguyễn,CUST963@gmail.com,0773235494,Hà Nội,56-65
964,Anh,Dương,CUST964@gmail.com,0574325122,Hà Nội,18-25
965,Long,Hoàng,CUST965@gmail.com,0865024120,Vinh,56-65
966,Trung,Phạm,CUST966@gmail.com,0973710094,Thành phố Hồ Chí Minh,26-35
967,Yến,Bùi,CUST967@gmail.com,0311457758,Hà Nội,36-45
968,Yến,Bùi,CUST968@gmail.com,0805458971,Thành phố Hồ Chí Minh,65+
969,Khánh,Đặng,CUST969@gmail.com,0926325703,Hải Phòng,46-55
970,Vinh,Phan,CUST970@gmail.com,0731361487,Hà Nội,65+
971,Khánh,Phan,CUST971@gmail.com,0756964430,Cần Thơ,56-65
972,Duy,Bùi,CUST972@gmail.com,0967954107,Hà Nội,65+
973,Ngọc,Đỗ,CUST973@gmail.com,0384982474,Hà Nội,46-55
974,Diệu,Hoàng,CUST974@gmail.com,0934910740,Hải Phòng,18-25
975,Quang,Huỳnh,CUST975@gmail.com,0942548821,Hà Nội,65+
976,Trang,Đỗ,CUST976@gmail.com,0369143075,Hải Phòng,46-55
977,Diệu,Bùi,CUST977@gmail.com,0861449429,Đà Lạt,56-65
978,Ngọc,Huỳnh,CUST978@gmail.com,0334268344,Thành phố Hồ Chí Minh,65+
979,Quang,Hoàng,CUST979@gmail.com,0882661287,Thành phố Hồ Chí Minh,65+
980,Duy,Phan,CUST980@gmail.com,0775676670,Hà Nội,46-55
981,Long,Phan,CUST981@gmail.com,0929439852,Đà Lạt,36-45
982,Ngọc,Nguyễn,CUST982@gmail.com,0962607870,Hà Nội,65+
983,Hương,Đặng,CUST983@gmail.com,0959149750,Thành phố Hồ Chí Minh,56-65
984,Hà,Bùi,CUST984@gmail.com,0938287232,Hà Nội,18-25
985,Đức,Trần,CUST985@gmail.com,0893110291,Hà Nội,18-25
986,Bảo,Lê,CUST986@gmail.com,0808760146,Nha Trang,56-65
987,Thảo,Ngô,CUST987@gmail.com,0797916202,Cần Thơ,26-35
988,Khánh,Vũ,CUST988@gmail.com,0388377441,Hà Nội,36-45
989,Kiều,Trần,CUST989@gmail.com,0861766204,Thành phố Hồ Chí Minh,18-25
990,Vinh,Đặng,CUST990@gmail.com,0540970527,Hà Nội,18-25
991,Ngọc,Lê,CUST991@gmail.com,0358835868,Hải Phòng,36-45
992,Thu,Vũ,CUST992@gmail.com,0557244617,Đà Nẵng,26-35
993,Khánh,Trương,CUST993@gmail.com,0588425995,Nha Trang,18-25
994,Thắng,Phạm,CUST994@gmail.com,0902311775,Vinh,65+
995,Hương,Nguyễn,CUST995@gmail.com,0312661094,Nha Trang,18-25
996,Thảo,Bùi,CUST996@gmail.com,0859025176,Thành phố Hồ Chí Minh,26-35
997,Trung,Phan,CUST997@gmail.com,0347743326,Nha Trang,26-35
998,Thắng,Võ,CUST998@gmail.com,0990130205,Thành phố Hồ Chí Minh,18-25
999,Hiền,Hoàng,CUST999@gmail.com,0728733978,Đà Nẵng,56-65
1000,Tài,Phan,CUST1000@gmail.com,0317661912,Hà Nội,18-25
